-- MySQL dump 10.15  Distrib 10.0.38-MariaDB, for debian-linux-gnu (x86_64)
--
-- Host: localhost    Database: adit_dashboard
-- ------------------------------------------------------
-- Server version	10.0.38-MariaDB-0ubuntu0.16.04.1

/*!40101 SET @OLD_CHARACTER_SET_CLIENT=@@CHARACTER_SET_CLIENT */;
/*!40101 SET @OLD_CHARACTER_SET_RESULTS=@@CHARACTER_SET_RESULTS */;
/*!40101 SET @OLD_COLLATION_CONNECTION=@@COLLATION_CONNECTION */;
/*!40101 SET NAMES utf8mb4 */;
/*!40103 SET @OLD_TIME_ZONE=@@TIME_ZONE */;
/*!40103 SET TIME_ZONE='+00:00' */;
/*!40014 SET @OLD_UNIQUE_CHECKS=@@UNIQUE_CHECKS, UNIQUE_CHECKS=0 */;
/*!40014 SET @OLD_FOREIGN_KEY_CHECKS=@@FOREIGN_KEY_CHECKS, FOREIGN_KEY_CHECKS=0 */;
/*!40101 SET @OLD_SQL_MODE=@@SQL_MODE, SQL_MODE='NO_AUTO_VALUE_ON_ZERO' */;
/*!40111 SET @OLD_SQL_NOTES=@@SQL_NOTES, SQL_NOTES=0 */;

--
-- Table structure for table `batches`
--

DROP TABLE IF EXISTS `batches`;
/*!40101 SET @saved_cs_client     = @@character_set_client */;
/*!40101 SET character_set_client = utf8 */;
CREATE TABLE `batches` (
  `id` int(11) NOT NULL AUTO_INCREMENT,
  `batch` varchar(100) NOT NULL,
  PRIMARY KEY (`id`)
) ENGINE=InnoDB AUTO_INCREMENT=4 DEFAULT CHARSET=utf8mb4;
/*!40101 SET character_set_client = @saved_cs_client */;

--
-- Dumping data for table `batches`
--

LOCK TABLES `batches` WRITE;
/*!40000 ALTER TABLE `batches` DISABLE KEYS */;
INSERT INTO `batches` VALUES (1,'Batch-1'),(2,'Batch-2'),(3,'Batch-3');
/*!40000 ALTER TABLE `batches` ENABLE KEYS */;
UNLOCK TABLES;

--
-- Table structure for table `blogs`
--

DROP TABLE IF EXISTS `blogs`;
/*!40101 SET @saved_cs_client     = @@character_set_client */;
/*!40101 SET character_set_client = utf8 */;
CREATE TABLE `blogs` (
  `blogid` int(11) NOT NULL AUTO_INCREMENT,
  `uid` int(11) NOT NULL DEFAULT '3',
  `blogtext` text,
  `blogheading` varchar(200) DEFAULT NULL,
  `blogsummary` text,
  `createddate` timestamp NULL DEFAULT NULL,
  `modifieddate` timestamp NOT NULL DEFAULT CURRENT_TIMESTAMP,
  `imageurl` varchar(32) DEFAULT NULL,
  `imageurl2` varchar(32) DEFAULT NULL,
  `imageurl3` varchar(32) DEFAULT NULL,
  `status` varchar(15) DEFAULT 'Active',
  PRIMARY KEY (`blogid`)
) ENGINE=InnoDB AUTO_INCREMENT=91 DEFAULT CHARSET=latin1;
/*!40101 SET character_set_client = @saved_cs_client */;

--
-- Dumping data for table `blogs`
--

LOCK TABLES `blogs` WRITE;
/*!40000 ALTER TABLE `blogs` DISABLE KEYS */;
INSERT INTO `blogs` VALUES (72,3,'hi','My Second blog','hi2','2021-06-22 16:38:52','2021-06-22 16:38:52','download_42.jpg','download6.jpg','download25.jpg','Active'),(73,3,'Lorem Ipsum is simply dummy text of the printing and typesetting industry. Lorem Ipsum has been the industry\'s standard dummy text ever since the 1500s, when an unknown printer took a galley of type and scrambled it to make a type specimen book. It has survived not only five centuries, but also the leap into electronic typesetting, remaining essentially unchanged. It was popularised in the 1960s with the release of Letraset sheets containing Lorem Ipsum passages, and more recently with desktop publishing software like Aldus PageMaker including versions of Lorem Ipsum.Lorem Ipsum is simply dummy text of the printing and typesetting industry. Lorem Ipsum has been the industry\'s standard dummy text ever since the 1500s, when an unknown printer took a galley of type and scrambled it to make a type specimen book. It has survived not only five centuries, but also the leap into electronic typesetting, remaining essentially unchanged. It was popularised in the 1960s with the release of Letraset sheets containing Lorem Ipsum passages, and more recently with desktop publishing software like Aldus PageMaker including versions of Lorem Ipsum.Lorem Ipsum is simply dummy text of the printing and typesetting industry. Lorem Ipsum has been the industry\'s standard dummy text ever since the 1500s, when an unknown printer took a galley of type and scrambled it to make a type specimen book. It has survived not only five centuries, but also the leap into electronic typesetting, remaining essentially unchanged. It was popularised in the 1960s with the release of Letraset sheets containing Lorem Ipsum passages, and more recently with desktop publishing software like Aldus PageMaker including versions of Lorem Ipsum.Lorem Ipsum is simply dummy text of the printing and typesetting industry. Lorem Ipsum has been the industry\'s standard dummy text ever since the 1500s, when an unknown printer took a galley of type and scrambled it to make a type specimen book. It has survived not only five centuries, but also the leap into electronic typesetting, remaining essentially unchanged. It was popularised in the 1960s with the release of Letraset sheets containing Lorem Ipsum passages, and more recently with desktop publishing software like Aldus PageMaker including versions of Lorem Ipsum.','Dummy','','2021-06-23 08:25:59','2021-06-23 08:25:59','','','','Active'),(90,3,'','sdasdasd','','2021-06-23 11:35:10','2021-06-23 11:35:10','','','','Active');
/*!40000 ALTER TABLE `blogs` ENABLE KEYS */;
UNLOCK TABLES;

--
-- Table structure for table `centres`
--

DROP TABLE IF EXISTS `centres`;
/*!40101 SET @saved_cs_client     = @@character_set_client */;
/*!40101 SET character_set_client = utf8 */;
CREATE TABLE `centres` (
  `id` int(11) NOT NULL AUTO_INCREMENT,
  `name` varchar(100) NOT NULL,
  `poc_name` varchar(100) NOT NULL,
  `trainer_name` varchar(100) NOT NULL,
  `email` varchar(100) NOT NULL,
  PRIMARY KEY (`id`),
  UNIQUE KEY `name` (`name`)
) ENGINE=InnoDB AUTO_INCREMENT=17 DEFAULT CHARSET=utf8mb4;
/*!40101 SET character_set_client = @saved_cs_client */;

--
-- Dumping data for table `centres`
--

LOCK TABLES `centres` WRITE;
/*!40000 ALTER TABLE `centres` DISABLE KEYS */;
INSERT INTO `centres` VALUES (1,'NSTI  Allahabad','Ritu Shukla','Nashit','nashit@edunetfoundation.org'),(2,'NSTI  Indore','Vellaru Babu','Siddharth','siddharth@edunetfoundation.org'),(3,'NSTI  Bangalore','Raju Kannam','Siddiq','siddiq@edunetfoundation.org'),(4,'NSTI  Vadodara','Sanjay Gupta','Pravin','pravin@edunetfoundation.org'),(5,'NSTI  Howrah','Altaf Hossain','Abhimonyu','abhimonyu@edunetfoundation.org'),(6,'NSTI  Mumbai','Trupti / Dhaniya','Satish','satish@edunetfoundation.org'),(7,'NSTI  Dehradun','Partap Singh','Alok','alok@edunetfoundation.org'),(8,'NSTI  Noida','Guru','Deepika','deepika@edunetfoundation.org'),(9,'NSTI  Panipat','Dr Alok','Sukhvinder','sukhvinder@edunetfoundation.org'),(10,'NSTI  Ramanthapur','AV Rao','Shabaz','shabaz@edunetfoundation.org'),(11,'NSTI  Calicut','Prasad UM','Niyas','niyas@edunetfoundation.org'),(12,'NSTI  Chennai','Ganesh','Hari','hari@edunetfoundation.org'),(13,'NSTI  Saltlake','Sarbojit Neogi','Arpita Roy','arpita@edunetfoundation.org'),(14,'NSTI  Bhubaneshwar','Brindavan Das','Deepneel','deepneel@edunetfoundation.org'),(15,'NSTI  Trivendrum','Ms Sulabha','Poovragavan','poovragavan@edunetfoundation.org'),(16,'NSTI  Vidyanagar','Abhay Mahishi','Boddu Lingaiah','lingaiah@edunetfoundation.org');
/*!40000 ALTER TABLE `centres` ENABLE KEYS */;
UNLOCK TABLES;

--
-- Table structure for table `sample`
--

DROP TABLE IF EXISTS `sample`;
/*!40101 SET @saved_cs_client     = @@character_set_client */;
/*!40101 SET character_set_client = utf8 */;
CREATE TABLE `sample` (
  `fn` varchar(20) DEFAULT NULL,
  `ln` varchar(20) DEFAULT NULL,
  `id` int(11) NOT NULL AUTO_INCREMENT,
  PRIMARY KEY (`id`)
) ENGINE=InnoDB AUTO_INCREMENT=10 DEFAULT CHARSET=utf8mb4;
/*!40101 SET character_set_client = @saved_cs_client */;

--
-- Dumping data for table `sample`
--

LOCK TABLES `sample` WRITE;
/*!40000 ALTER TABLE `sample` DISABLE KEYS */;
INSERT INTO `sample` VALUES ('ABC','CBA',1),('DEF','FED',2),('GHI','IHG',3),('ABC','CBA',4),('DEF','FED',5),('GHI','IHG',6),('ABC','CBA',7),('DEF','FED',8),('GHI','IHG',9);
/*!40000 ALTER TABLE `sample` ENABLE KEYS */;
UNLOCK TABLES;

--
-- Table structure for table `students`
--

DROP TABLE IF EXISTS `students`;
/*!40101 SET @saved_cs_client     = @@character_set_client */;
/*!40101 SET character_set_client = utf8 */;
CREATE TABLE `students` (
  `id` int(11) NOT NULL AUTO_INCREMENT,
  `student_name` varchar(100) DEFAULT NULL,
  `email` varchar(100) DEFAULT NULL,
  `no_of_courses` int(11) DEFAULT NULL,
  `duration_of_courses` decimal(10,0) DEFAULT NULL,
  `centre_code` int(11) DEFAULT NULL,
  `batch_code` int(11) DEFAULT NULL,
  `m1t` int(11) DEFAULT '0',
  `m1p` int(11) DEFAULT '0',
  `m2t` int(11) DEFAULT '0',
  `m2p` int(11) DEFAULT '0',
  `m3t` int(11) DEFAULT '0',
  `m3p` int(11) DEFAULT '0',
  `m4t` int(11) DEFAULT '0',
  `m4p` int(11) DEFAULT '0',
  `m5t` int(11) DEFAULT '0',
  `m5p` int(11) DEFAULT '0',
  `em1t` int(11) DEFAULT '0',
  `em1p` int(11) DEFAULT '0',
  `em2t` int(11) DEFAULT '0',
  `em2p` int(11) DEFAULT '0',
  `es` int(11) DEFAULT '0',
  PRIMARY KEY (`id`)
) ENGINE=InnoDB AUTO_INCREMENT=489 DEFAULT CHARSET=utf8mb4;
/*!40101 SET character_set_client = @saved_cs_client */;

--
-- Dumping data for table `students`
--

LOCK TABLES `students` WRITE;
/*!40000 ALTER TABLE `students` DISABLE KEYS */;
INSERT INTO `students` VALUES (1,'Abdul Kalam','abdulkalam2201@gmail.com',104,9749,6,3,1,1,1,1,1,1,1,1,1,1,1,1,1,1,1),(2,'Abhay Yadav','yabhay405@gmail.com',2,122,7,3,0,0,0,0,0,0,0,0,0,0,0,0,0,0,0),(3,'Abhirami K','abhiramionline@gmail.com',61,10403,3,2,0,0,0,0,0,0,0,0,0,0,0,0,0,0,0),(4,'ABHISHEK BAJPAI','abhishekbajpai1999@gmail.com',34,1910,6,3,0,0,0,0,0,0,0,0,0,0,0,0,0,0,0),(5,'Abhishek Kumar','abhisheksingh08252@gmail.com',122,18718,7,3,0,0,0,0,0,0,0,0,0,0,0,0,0,0,0),(6,'Abhishek Patel','abhishekbharatms@gmail.com',110,6211,3,3,0,0,0,0,0,0,0,0,0,0,0,0,0,0,0),(7,'ABHISHEK SONI','asoni44711@gmail.com',136,16594,3,3,0,0,0,0,0,0,0,0,0,0,0,0,0,0,0),(8,'Abid Mohammad','mdabed330@gmail.com',85,2877,16,3,0,0,0,0,0,0,0,0,0,0,0,0,0,0,0),(9,'Adarsh Mahajan','adarshmahajan263@gmail.com',64,8429,3,3,0,0,0,0,0,0,0,0,0,0,0,0,0,0,0),(10,'aditi sau','aditisau98@gmail.com',126,7347,13,3,0,0,0,0,0,0,0,0,0,0,0,0,0,0,0),(11,'Aditya Burman','adityaburman969@gmail.com',511,43197,14,3,0,0,0,0,0,0,0,0,0,0,0,0,0,0,0),(12,'ADWAITH R S','adwaithkannanpkda@gmail.com',132,13277,11,3,0,0,0,0,0,0,0,0,0,0,0,0,0,0,0),(13,'AJAY K J','kjajay6@gmail.com',312,17572,11,3,0,0,0,0,0,0,0,0,0,0,0,0,0,0,0),(14,'Ajay Kumar','ajkumar1308@gmail.com',109,5306,7,3,0,0,0,0,0,0,0,0,0,0,0,0,0,0,0),(15,'AJAY SINGH','ajay.up.mrj@gmail.com',26,2629,3,3,0,0,0,0,0,0,0,0,0,0,0,0,0,0,0),(16,'AJEET KR. YADAV','ajeetkryd7256@gmail.com',63,3773,6,3,0,0,0,0,0,0,0,0,0,0,0,0,0,0,0),(17,'AKARSH H MENON','akarshmenon93@gmail.com',241,27868,11,3,0,0,0,0,0,0,0,0,0,0,0,0,0,0,0),(18,'Akash Kumar','kumr.aksh98@gmail.com',10,640,7,3,0,0,0,0,0,0,0,0,0,0,0,0,0,0,0),(19,'Akash Singh','akash_singh51@yahoo.com',14,1862,7,3,0,0,0,0,0,0,0,0,0,0,0,0,0,0,0),(20,'Akbar Khan','akbarkhan0004@gmail.com',194,17013,6,3,0,0,0,0,0,0,0,0,0,0,0,0,0,0,0),(21,'AKHIL DAS K P','akhildas82@gmail.com',79,8404,11,3,0,0,0,0,0,0,0,0,0,0,0,0,0,0,0),(22,'Akhil kanaujiya','akhilkanaujia315@gmail.com',34,2774,7,3,0,0,0,0,0,0,0,0,0,0,0,0,0,0,0),(23,'Akhil sai Chintha','akhilrenu720@gmail.com',160,10282,10,3,0,0,0,0,0,0,0,0,0,0,0,0,0,0,0),(24,'Akshata Jadhav','akshataj5602@gmail.com',134,9694,6,3,0,0,0,0,0,0,0,0,0,0,0,0,0,0,0),(25,'Alauddin Mallick','alauddinmallick705@gmail.com',400,55527,14,3,0,0,0,0,0,0,0,0,0,0,0,0,0,0,0),(26,'ALFIYA FAZIL','alfiyaalfii123@gmail.com',421,26083,15,3,0,0,0,0,0,0,0,0,0,0,0,0,0,0,0),(27,'altaf hussain','altaf123456hasan@gmail.com',56,7278,6,3,0,0,0,0,0,0,0,0,0,0,0,0,0,0,0),(28,'Amal KP','amaledge85@gmail.com',153,10415,11,3,0,0,0,0,0,0,0,0,0,0,0,0,0,0,0),(29,'Aman Rawat','amanrawat011@gmail.com',2,141,7,3,0,0,0,0,0,0,0,0,0,0,0,0,0,0,0),(30,'AMARJEET KUMAR','ak4417756@gmail.com',196,22185,5,3,0,0,0,0,0,0,0,0,0,0,0,0,0,0,0),(31,'AMARJEET KUMAR MAHTO','amarjeet12june@gmail.com',223,21373,5,3,0,0,0,0,0,0,0,0,0,0,0,0,0,0,0),(32,'AMIR SUHAIL','suhailmd823@gmail.com',97,10419,6,3,0,0,0,0,0,0,0,0,0,0,0,0,0,0,0),(33,'Amit Kumar','amit54448@gmail.com',288,30052,5,3,0,0,0,0,0,0,0,0,0,0,0,0,0,0,0),(34,'Amit Saini','sainiamitjind97@gmail.com',126,8000,3,3,0,0,0,0,0,0,0,0,0,0,0,0,0,0,0),(35,'AMITHA KRISHNA M','amithakm77362@gmail.com',80,9333,11,3,0,0,0,0,0,0,0,0,0,0,0,0,0,0,0),(36,'Anchal Ram milan Kashyap','kashyapanchal31@gmail.com',181,34650,6,2,0,0,0,0,0,0,0,0,0,0,0,0,0,0,0),(37,'ANCHAL SHRIVASTAV','anchalshrivastavmbd@gmail.com',171,9591,6,2,0,0,0,0,0,0,0,0,0,0,0,0,0,0,0),(38,'ANIKET KUMAR','aniketkumarmanu20@gmail.com',28,1387,5,3,0,0,0,0,0,0,0,0,0,0,0,0,0,0,0),(39,'Anil Kumar','anilgongle143@gmail.com',266,27259,3,3,0,0,0,0,0,0,0,0,0,0,0,0,0,0,0),(40,'Anjali Mehra','anjupagl1234@gmail.com',3,183,9,2,0,0,0,0,0,0,0,0,0,0,0,0,0,0,0),(41,'Anjali Rajput','anjalisinghsky2@gmail.com',916,119619,8,3,0,0,0,0,0,0,0,0,0,0,0,0,0,0,0),(42,'Anjali Singh','as0176844@gmail.com',61,3445,1,3,0,0,0,0,0,0,0,0,0,0,0,0,0,0,0),(43,'anju rani','monaharnakiya19@gmail.com',194,10804,9,3,0,0,0,0,0,0,0,0,0,0,0,0,0,0,0),(44,'Ankit Kumar','aniketkushwaha38@gmail.com',41,2308,7,3,0,0,0,0,0,0,0,0,0,0,0,0,0,0,0),(45,'ANKIT KUMAR DUBEY','kumarakd31@gmail.com',165,7473,16,3,0,0,0,0,0,0,0,0,0,0,0,0,0,0,0),(46,'Ankit Kumar Singh','ankit.kumar060@gmail.com',42,1417,5,3,0,0,0,0,0,0,0,0,0,0,0,0,0,0,0),(47,'Ankita kumari shukla','royalar1228@gmail.com',135,21624,8,3,0,0,0,0,0,0,0,0,0,0,0,0,0,0,0),(48,'ANKUR MISHRA','shivankurmishra@gmail.com',93,7984,6,3,0,0,0,0,0,0,0,0,0,0,0,0,0,0,0),(49,'ANSHU JANGID','jangidanshu2000@gmail.com',235,18308,2,3,1,1,1,1,1,1,1,1,1,1,1,11,1,11,10),(50,'Anto Job Thankachan','antoantojobthankachan@gmail.com',46,2565,11,3,0,0,0,0,0,0,0,0,0,0,0,0,0,0,0),(51,'ANUBHAV SRIVASTAVA','anubhav.srivastava77@gmail.com',36,2135,16,3,0,0,0,0,0,0,0,0,0,0,0,0,0,0,0),(52,'ANUMOL M','ammumol.m11@gmail.com',164,10905,11,3,0,0,0,0,0,0,0,0,0,0,0,0,0,0,0),(53,'ANURAG CK','anuragck2@gmail.com',191,14152,11,3,0,0,0,0,0,0,0,0,0,0,0,0,0,0,0),(54,'anveksha katiyar','anvekshakatiyar268@gmail.com',154,15324,8,3,0,0,0,0,0,0,0,0,0,0,0,0,0,0,0),(55,'ARATHY S SUJAI','arathissujai04@gmail.com',200,16472,15,3,0,0,0,0,0,0,0,0,0,0,0,0,0,0,0),(56,'ARIJIT BAGCHI','arijitbagchi9@gmail.com',40,2075,5,3,0,0,0,0,0,0,0,0,0,0,0,0,0,0,0),(57,'Arun Kumar','arunkkgzp@gmail.com',112,5007,16,3,0,0,0,0,0,0,0,0,0,0,0,0,0,0,0),(58,'Arvind','0123456arvindkumar@gmail.com',6,291,6,2,0,0,0,0,0,0,0,0,0,0,0,0,0,0,0),(59,'Arya Krishna','caryakrishna@gmail.com',18,1040,3,2,0,0,0,0,0,0,0,0,0,0,0,0,0,0,0),(60,'ARYA MURALIDHARAN','aryamuralidharan1107@gmail.com',105,12682,15,3,0,0,0,0,0,0,0,0,0,0,0,0,0,0,0),(61,'ARYA N R','aryamidhu4@gmail.com',151,10003,15,3,0,0,0,0,0,0,0,0,0,0,0,0,0,0,0),(62,'ARYAN RAJ','aryanraj993444@gmail.com',98,12008,3,3,0,0,0,0,0,0,0,0,0,0,0,0,0,0,0),(63,'asheesh singh','asheeshsinghbirahinpur@gmail.com',80,6134,16,3,0,0,0,0,0,0,0,0,0,0,0,0,0,0,0),(64,'Ashna L. Paul','ashnalpaul1997@gmail.com',135,13971,15,3,0,0,0,0,0,0,0,0,0,0,0,0,0,0,0),(65,'Ashpak Yakub Shaikh','asaraf.shaikh786@gmail.com',135,41986,6,3,0,0,0,0,0,0,0,0,0,0,0,0,0,0,0),(66,'ATHIRA K P','athirakp66@gmail.com',58,10299,3,2,0,0,0,0,0,0,0,0,0,0,0,0,0,0,0),(67,'Athira Nath S','athirasnath99@gmail.com',71,12694,3,2,0,0,0,0,0,0,0,0,0,0,0,0,0,0,0),(68,'ATHIRA P V','athiraathira946@gmail.com',136,9983,15,3,0,0,0,0,0,0,0,0,0,0,0,0,0,0,0),(69,'Avinash Kumar','9572496969a@gmail.com',107,7804,12,3,0,0,0,0,0,0,0,0,0,0,0,0,0,0,0),(70,'BABAN KUMAR','babankumar1985@gmail.com',42,3250,5,3,0,0,0,0,0,0,0,0,0,0,0,0,0,0,0),(71,'Balavva Patil','ballavvapatil@gmail.com',61,4442,3,2,0,0,0,0,0,0,0,0,0,0,0,0,0,0,0),(72,'BALRAM JANGID','balram1998jangid@gmail.com',8,583,3,3,0,0,0,0,0,0,0,0,0,0,0,0,0,0,0),(73,'Basudev Ghadai','ghadaibasudev1234@gmail.com',106,17502,14,3,0,0,0,0,0,0,0,0,0,0,0,0,0,0,0),(74,'BEERAPPA KOSHIKA','beere122@gmail.com',29,5114,3,2,0,0,0,0,0,0,0,0,0,0,0,0,0,0,0),(75,'Bhaira Ram','bhairaramprajapat65@gmail.com',66,3867,6,3,0,0,0,0,0,0,0,0,0,0,0,0,0,0,0),(76,'Bhaskar','hkbhaskarkumar@gmail.com',224,19032,3,3,0,0,0,0,0,0,0,0,0,0,0,0,0,0,0),(77,'bhavana manwar','manwarbhavana@gmail.com',88,9453,6,3,0,0,0,0,0,0,0,0,0,0,0,0,0,0,0),(78,'BHAVYA B','bhavyabhasuran123@gmail.com',105,12000,15,3,0,0,0,0,0,0,0,0,0,0,0,0,0,0,0),(79,'BHUPENDRA KUMAR','singhrahul5648@gmail.com',1185,124435,12,3,0,0,0,0,0,0,0,0,0,0,0,0,0,0,0),(80,'bindoo yadav','bindu799175@gmail.com',153,12349,1,3,0,0,0,0,0,0,0,0,0,0,0,0,0,0,0),(81,'BIPLAB MONDAL','biplab79080@gmail.com',42,1553,5,3,0,0,0,0,0,0,0,0,0,0,0,0,0,0,0),(82,'BIPUL KUMAR SINGH','bipulsingh0696@gmail.com',70,4357,5,3,0,0,0,0,0,0,0,0,0,0,0,0,0,0,0),(83,'Bishal Nandi','nandibishal97@yahoo.in',105,8484,10,3,0,0,0,0,0,0,0,0,0,0,0,0,0,0,0),(84,'Chandan Kumar Sharma','cksmuz1995@gmail.com',2,105,7,3,0,0,0,0,0,0,0,0,0,0,0,0,0,0,0),(85,'chandni kashyap','kashyapchandni700@gmail.com',32,1904,9,3,0,0,0,0,0,0,0,0,0,0,0,0,0,0,0),(86,'CHANDRA KANT PANDEY','ckpandey989@gmail.com',41,1634,5,3,0,0,0,0,0,0,0,0,0,0,0,0,0,0,0),(87,'Chethan RK','chetannayak1702@gmail.com',29,2823,3,3,0,0,0,0,0,0,0,0,0,0,0,0,0,0,0),(88,'Chhanda Sarkar','chhandasarkar02@gmail.com',60,7828,5,2,0,0,0,0,0,0,0,0,0,0,0,0,0,0,0),(89,'Daivshila Waghmare','daivshilagwaghmare19@gmail.com',115,9716,6,3,0,0,0,0,0,0,0,0,0,0,0,0,0,0,0),(90,'DAMINI GURJAR','daminigurjar26@gmail.com',208,17585,2,3,0,0,0,0,0,0,0,0,0,0,0,0,0,0,0),(91,'Debjyoti Sur','debjyotisur39@gmail.com',22,680,11,3,0,0,0,0,0,0,0,0,0,0,0,0,0,0,0),(92,'DEBNATH GOSWAMI','debnathbck@gmail.com',51,2182,5,3,0,0,0,0,0,0,0,0,0,0,0,0,0,0,0),(93,'Deepak Kumar Singh','deepakkumar970007@gmail.com',160,38264,6,2,0,0,0,0,0,0,0,0,0,0,0,0,0,0,0),(94,'Deepika narwal','deepikanarwal82@gmail.com',31,1549,9,2,0,0,0,0,0,0,0,0,0,0,0,0,0,0,0),(95,'Deepika Pandey','sanyapandey74@gmail.com',415,118825,7,3,0,0,0,0,0,0,0,0,0,0,0,0,0,0,0),(96,'DEVENDRA YADAV','yadavdevendra36567@gmail.com',58,1932,16,3,0,0,0,0,0,0,0,0,0,0,0,0,0,0,0),(97,'devesh bakalwar','deveshbakalwar181@gmail.com',97,18515,12,3,0,0,0,0,0,0,0,0,0,0,0,0,0,0,0),(98,'Devisaran s p','spdevisaran@gmail.com',27,1417,11,3,0,0,0,0,0,0,0,0,0,0,0,0,0,0,0),(99,'Dewesh Kumar','deweshk4@gmail.com',28,1324,3,3,0,0,0,0,0,0,0,0,0,0,0,0,0,0,0),(100,'dhasarath koram','dhasharathkorem@gmail.com',116,4792,16,3,0,0,0,0,0,0,0,0,0,0,0,0,0,0,0),(101,'DHIRAJ KUMAR GUPTA','guptad494444@gmail.com',14,671,6,3,0,0,0,0,0,0,0,0,0,0,0,0,0,0,0),(102,'Dibyesh Mishra','dbsmishra279@gmail.com',93,38604,14,3,0,0,0,0,0,0,0,0,0,0,0,0,0,0,0),(103,'Digvijay Raje Deore','digvijaydeore45@gmail.com',45,29868,6,3,0,0,0,0,0,0,0,0,0,0,0,0,0,0,0),(104,'DINESH KUMAR','dineshboshnoi474@gmail.com',20,1136,3,3,0,0,0,0,0,0,0,0,0,0,0,0,0,0,0),(105,'DINESH MAMIDALA','mamidaladinesh2266@gmail.com',190,10814,16,3,0,0,0,0,0,0,0,0,0,0,0,0,0,0,0),(106,'Dipendra Singh','dipendrasingh.knp10@gmail.com',101,5368,3,3,0,0,0,0,0,0,0,0,0,0,0,0,0,0,0),(107,'Dipti Pandey','juhipandey10157@gmail.com',141,43835,8,3,0,0,0,0,0,0,0,0,0,0,0,0,0,0,0),(108,'doly Tiwari','chhavidolly9621@gmail.com',312,10112,3,3,0,0,0,0,0,0,0,0,0,0,0,0,0,0,0),(109,'Drishya VP','drishyathusharam@gmail.com',17,757,3,2,0,0,0,0,0,0,0,0,0,0,0,0,0,0,0),(110,'DURGA SHANKER MISHRA','durgashankar0541@gmail.com',56,3108,6,3,0,0,0,0,0,0,0,0,0,0,0,0,0,0,0),(111,'DURGA TELI','durga788sahu@gmail.com',236,20598,2,3,1,1,1,1,2,2,2,2,2,2,2,2,2,2,2),(112,'Eram Perwez','eramperwez334@gmail.com',203,28962,13,3,0,0,0,0,0,0,0,0,0,0,0,0,0,0,0),(113,'feba.s raj','rajanthanky@gmail.com',73,5728,12,3,0,0,0,0,0,0,0,0,0,0,0,0,0,0,0),(114,'Febi S Raj','febirajan2020@gmail.com',206,15008,15,3,0,0,0,0,0,0,0,0,0,0,0,0,0,0,0),(115,'GANESH KALNE','kalneganesh@gmail.com',204,79958,6,3,0,0,0,0,0,0,0,0,0,0,0,0,0,0,0),(116,'Ganesh Ravulolla','ravulaganesh010@gmail.com',344,26061,10,3,0,0,0,0,0,0,0,0,0,0,0,0,0,0,0),(117,'Gaurav Gupta','gauravbrpt11@gmail.com',163,12603,6,3,0,0,0,0,0,0,0,0,0,0,0,0,0,0,0),(118,'GAYATHRI P NAIR','gayathrinair1901@gmail.com',327,23879,15,3,0,0,0,0,0,0,0,0,0,0,0,0,0,0,0),(119,'Geetanjali Raheja','rahejageetanjali2001@gmail.com',111,7133,3,3,0,0,0,0,0,0,0,0,0,0,0,0,0,0,0),(120,'Ghanshyam Kumar','ghanshyamlkr123@gmail.com',13,508,14,3,0,0,0,0,0,0,0,0,0,0,0,0,0,0,0),(121,'Gurmeet Singh','gs966534@gmail.com',5,217,7,3,0,0,0,0,0,0,0,0,0,0,0,0,0,0,0),(122,'haleema khalid','khalidhaleema97@yahoo.com',108,6663,16,3,0,0,0,0,0,0,0,0,0,0,0,0,0,0,0),(123,'Harsha Velayudhan','harshavelayudhan68@gmail.com',39,6891,3,2,0,0,0,0,0,0,0,0,0,0,0,0,0,0,0),(124,'HEENA KAUSHAR','heenakaushar0004@gmail.com',229,54527,2,3,0,0,0,0,0,0,0,0,0,0,0,0,0,0,0),(125,'Hemant Kumar','hemantuikey18@gmail.com',124,12187,10,3,0,0,0,0,0,0,0,0,0,0,0,0,0,0,0),(126,'Hemlata Hemlata','heml21604@gmail.com',118,7365,4,3,0,0,0,0,0,0,0,0,0,0,0,0,0,0,0),(127,'Himanshi Gupta','himanshi.gupta2012@gmail.com',185,16121,8,3,0,0,0,0,0,0,0,0,0,0,0,0,0,0,0),(128,'HIMANSHU .','himanshuch1345@gmail.com',374,18291,3,3,0,0,0,0,0,0,0,0,0,0,0,0,0,0,0),(129,'Himanshu Gulati','himanshugulati138@gmail.com',111,13380,7,3,0,0,0,0,0,0,0,0,0,0,0,0,0,0,0),(130,'HIMANSHU SADAN','sadanprasads@gmail.com',61,11107,3,3,0,0,0,0,0,0,0,0,0,0,0,0,0,0,0),(131,'HIMANSHU SRIVASTAVA','hk7668661172@gmail.com',31,3136,16,3,0,0,0,0,0,0,0,0,0,0,0,0,0,0,0),(132,'hina bano','hinahmr7@gmail.com',100,39150,8,3,0,0,0,0,0,0,0,0,0,0,0,0,0,0,0),(133,'HIRAMON PAUL','hiramonpaul88@gmail.com',49,1911,5,3,0,0,0,0,0,0,0,0,0,0,0,0,0,0,0),(134,'jagadeesh bheemarasetti','b.jagadeesh1995@gmail.com',19,2154,12,3,0,0,0,0,0,0,0,0,0,0,0,0,0,0,0),(135,'jaiveer v','jaiveerratherplw@gmail.com',163,23632,12,3,0,0,0,0,0,0,0,0,0,0,0,0,0,0,0),(136,'jatin .','jangra14111999@gmail.com',44,2292,6,3,0,0,0,0,0,0,0,0,0,0,0,0,0,0,0),(137,'JAY PRAKASH M','jayprakash280895@gmail.com',274,20067,12,3,0,0,0,0,0,0,0,0,0,0,0,0,0,0,0),(138,'Jay Prakash Pal','jprakash.pal87@gmail.com',154,5446,6,3,0,0,0,0,0,0,0,0,0,0,0,0,0,0,0),(139,'Jaya Singh','singhjaya994@gmail.com',97,12080,8,3,0,0,0,0,0,0,0,0,0,0,0,0,0,0,0),(140,'JAYESH CHAUDHARI','jayeshrocks34@gmail.com',126,9303,6,3,0,0,0,0,0,0,0,0,0,0,0,0,0,0,0),(141,'Jaykaran Kumar','jaykarankumar8271@gmail.com',91,18480,12,3,0,0,0,0,0,0,0,0,0,0,0,0,0,0,0),(142,'jitendra kumar','jitendrakumar02021997@gmail.com',306,36125,10,3,0,0,0,0,0,0,0,0,0,0,0,0,0,0,0),(143,'JITHIN N','jithin5047@gmail.com',105,6534,11,3,0,0,0,0,0,0,0,0,0,0,0,0,0,0,0),(144,'Joydip Banerjee','joydipbanerjee95@gmail.com',43,1333,5,3,0,0,0,0,0,0,0,0,0,0,0,0,0,0,0),(145,'Jyoti Aggarwal','aggarwalj046@gmail.com',100,12887,8,3,0,0,0,0,0,0,0,0,0,0,0,0,0,0,0),(146,'Jyoti Rohilla','rohillagirl98@gmail.com',63,2492,9,2,0,0,0,0,0,0,0,0,0,0,0,0,0,0,0),(147,'JYOTI UTTAM','uttamjyoti2582000@gmail.com',174,7215,1,3,0,0,0,0,0,0,0,0,0,0,0,0,0,0,0),(148,'kajal kadyan','kajalkadyan8732@gmail.com',21,1543,9,3,0,0,0,0,0,0,0,0,0,0,0,0,0,0,0),(149,'kajal mor','kajalmor3@gmail.com',65,5422,9,3,0,0,0,0,0,0,0,0,0,0,0,0,0,0,0),(150,'kajal panday','kajalpandey06021998@gmail.com',64,2864,3,3,0,0,0,0,0,0,0,0,0,0,0,0,0,0,0),(151,'kalyani devi','kalyanidevi6001@gmail.com',80,12091,8,3,0,0,0,0,0,0,0,0,0,0,0,0,0,0,0),(152,'Kamalesh Debnath','kamaleshdebnath1910@gmail.com',35,1764,3,3,0,0,0,0,0,0,0,0,0,0,0,0,0,0,0),(153,'kanchan lata','lkanchan54@gmail.com',10,385,1,3,0,0,0,0,0,0,0,0,0,0,0,0,0,0,0),(154,'Kartik Rao Gaykwad','rao36481@gmail.com',48,3076,6,3,0,0,0,0,0,0,0,0,0,0,0,0,0,0,0),(155,'KATHA BANERJEE','banerjeekatha1@gmail.com',70,8318,5,2,0,0,0,0,0,0,0,0,0,0,0,0,0,0,0),(156,'kaveri nandhishetti','nandhishetti.kaveri999@gmail.com',115,7690,16,3,0,0,0,0,0,0,0,0,0,0,0,0,0,0,0),(157,'Khushboo Parihar','khushbooparihar55@gmail.com',51,1483,3,3,0,0,0,0,0,0,0,0,0,0,0,0,0,0,0),(158,'Kinjal Goswami','goswamikinjal15@gmail.com',178,9951,4,3,0,0,0,0,0,0,0,0,0,0,0,0,0,0,0),(159,'Kiran Kadyan','kinukadyan@gmail.com',1,61,9,2,0,0,0,0,0,0,0,0,0,0,0,0,0,0,0),(160,'KISHAN KUMAR GAUTAM','kishan143ch@gmail.com',78,4474,5,3,0,0,0,0,0,0,0,0,0,0,0,0,0,0,0),(161,'Km Simran','simransanjay974@gmail.com',103,3921,7,3,0,0,0,0,0,0,0,0,0,0,0,0,0,0,0),(162,'komal kumari','1komalrani@gmail.com',43,3682,12,3,0,0,0,0,0,0,0,0,0,0,0,0,0,0,0),(163,'Krishna Pada Mondal','br.krishnabss@gmail.com',316,37706,14,3,0,0,0,0,0,0,0,0,0,0,0,0,0,0,0),(164,'Kritika Vishwakarma','kritika.vish2018@gmail.com',186,79046,8,3,0,0,0,0,0,0,0,0,0,0,0,0,0,0,0),(165,'KumKum','sinsinvarkumkum@gmail.com',114,19687,8,3,0,0,0,0,0,0,0,0,0,0,0,0,0,0,0),(166,'Kummari Likitha','kummarilikitha282001@gmail.com',53,2009,3,2,0,0,0,0,0,0,0,0,0,0,0,0,0,0,0),(167,'Kummari Prashanth kumar','kpkdiamond8312@gmail.com',47,2940,10,3,0,0,0,0,0,0,0,0,0,0,0,0,0,0,0),(168,'lakshmi kumari','lakshmiyadav99887766@gmail.com',70,3909,1,3,0,0,0,0,0,0,0,0,0,0,0,0,0,0,0),(169,'LATA DEVI','lrani2851@gmail.com',103,6879,9,3,0,0,0,0,0,0,0,0,0,0,0,0,0,0,0),(170,'LAXMI PANDEY','sandhyapandey0512@gmail.com',257,27640,2,3,0,0,0,0,0,0,0,0,0,0,0,0,0,0,0),(171,'LINI NP','linipremaraj2000@gmail.com',138,5869,11,3,0,0,0,0,0,0,0,0,0,0,0,0,0,0,0),(172,'Lokendra Pal Singh','lpalsingh470@gmail.com',14,573,3,3,0,0,0,0,0,0,0,0,0,0,0,0,0,0,0),(173,'MADHIR PAL','madhirnpti@gmail.com',22,1112,3,3,0,0,0,0,0,0,0,0,0,0,0,0,0,0,0),(174,'Madhusudhan Patel','spmadan88@gmail.com',3,10,14,3,0,0,0,0,0,0,0,0,0,0,0,0,0,0,0),(175,'Mahender Singh Rawat','mahenderr522@gmail.com',79,5402,6,3,0,0,0,0,0,0,0,0,0,0,0,0,0,0,0),(176,'mahima choudhary','mahimachoudhary400@gmail.com',76,37936,8,3,0,0,0,0,0,0,0,0,0,0,0,0,0,0,0),(177,'Maneesh Kumar','mk004880@gmail.com',208,14317,16,3,0,0,0,0,0,0,0,0,0,0,0,0,0,0,0),(178,'MANISH NARAYAN TRIPATHI','manishtripathi617@gmail.com',45,2702,3,3,0,0,0,0,0,0,0,0,0,0,0,0,0,0,0),(179,'Manish Nigam','manishnigam.monu@gmail.com',53,4407,3,3,0,0,0,0,0,0,0,0,0,0,0,0,0,0,0),(180,'MANISHA AGGARWAL','manishaaggarwal283@gmail.com',126,11588,6,3,0,0,0,0,0,0,0,0,0,0,0,0,0,0,0),(181,'manisha dhaka','manishadhaka18012000@gmail.com',41,1948,9,3,0,0,0,0,0,0,0,0,0,0,0,0,0,0,0),(182,'Manisha Rani','manisha143707@gmail.com',44,1514,9,2,0,0,0,0,0,0,0,0,0,0,0,0,0,0,0),(183,'Manpreet Kaur','manpreetsep1999@gmail.com',110,14794,8,3,0,0,0,0,0,0,0,0,0,0,0,0,0,0,0),(184,'mansiben makwana','makwanamansi18@gmail.com',148,12977,4,3,0,0,0,0,0,0,0,0,0,0,0,0,0,0,0),(185,'Manu Dev','manudevmahi2000@gmail.com',76,4345,11,3,0,0,0,0,0,0,0,0,0,0,0,0,0,0,0),(186,'Manu Kumar Yadav','manuyadav7500@gmail.com',667,57470,10,3,0,0,0,0,0,0,0,0,0,0,0,0,0,0,0),(187,'maya rani','mayarani273@gmail.com',37,2181,9,3,0,0,0,0,0,0,0,0,0,0,0,0,0,0,0),(188,'Mayank Kumar','mayank10295kumar@gmail.com',79,6386,3,3,0,0,0,0,0,0,0,0,0,0,0,0,0,0,0),(189,'Meenakshi Kadyan','kadyanmeenakshi73@gmail.com',150,9523,9,2,0,0,0,0,0,0,0,0,0,0,0,0,0,0,0),(190,'meenakshi rana','sirfmeenakshirana143@gmail.com',38,2522,9,3,0,0,0,0,0,0,0,0,0,0,0,0,0,0,0),(191,'Mintu Kumar Pandey','mintupandey199@gmail.com',154,12406,5,3,0,0,0,0,0,0,0,0,0,0,0,0,0,0,0),(192,'Mohammad Arshad','arshadsheri11@gmail.com',32,1884,6,3,0,0,0,0,0,0,0,0,0,0,0,0,0,0,0),(193,'MOHAMMAD KASHIF SIDDIQUI','mohammadkashifsiddiqui@hotmail.com',11,5036,6,3,0,0,0,0,0,0,0,0,0,0,0,0,0,0,0),(194,'Mohit Kumar Maan','mohitsharma97maanshab@gmail.com',140,4691,7,3,0,0,0,0,0,0,0,0,0,0,0,0,0,0,0),(195,'Mollika Mondal','mollikamondal122@gmail.com',94,16974,5,2,0,0,0,0,0,0,0,0,0,0,0,0,0,0,0),(196,'monika kashyap','monikashyapr@gmail.com',215,9903,9,3,0,0,0,0,0,0,0,0,0,0,0,0,0,0,0),(197,'Mousumi Das','dasmousumi19951003@gmail.com',70,35887,5,2,0,0,0,0,0,0,0,0,0,0,0,0,0,0,0),(198,'Mrinal Saren','mrinalsaren5@gmail.com',126,11307,14,3,0,0,0,0,0,0,0,0,0,0,0,0,0,0,0),(199,'Mritunjay Yadav','mmyyadav4@gmail.com',19,2355,6,3,0,0,0,0,0,0,0,0,0,0,0,0,0,0,0),(200,'MUKARRIB KHAN','mukarribkhan2000@gmail.com',100,12000,6,3,0,0,0,0,0,0,0,0,0,0,0,0,0,0,0),(201,'Munki Devi','munkimostra@gmail.com',601,78301,7,3,0,0,0,0,0,0,0,0,0,0,0,0,0,0,0),(202,'Munmun Ghorai','munmunghorai92@gmail.com',41,3683,8,3,0,0,0,0,0,0,0,0,0,0,0,0,0,0,0),(203,'muskan thakur','muskan885522megha@gmail.com',4,450,9,2,0,0,0,0,0,0,0,0,0,0,0,0,0,0,0),(204,'Nandani Kumari Chourasia','sannandani0402@gmail.com',147,10339,5,2,0,0,0,0,0,0,0,0,0,0,0,0,0,0,0),(205,'Nandini H M','1699.nandini@gmail.com',58,4428,3,2,0,0,0,0,0,0,0,0,0,0,0,0,0,0,0),(206,'Narpender','narpenderdamkora@gmail.com',90,2843,3,3,0,0,0,0,0,0,0,0,0,0,0,0,0,0,0),(207,'Navya H P','navyapgowda2304@gmail.com',64,6328,3,2,0,0,0,0,0,0,0,0,0,0,0,0,0,0,0),(208,'Nazim Abbas','nazimabbas4343@gmail.com',66,4355,6,3,0,0,0,0,0,0,0,0,0,0,0,0,0,0,0),(209,'Neeraj Kumar','neeeraajverma@gmail.com',138,25111,3,3,0,0,0,0,0,0,0,0,0,0,0,0,0,0,0),(210,'Neetu .','neetustar991@gmail.com',92,12241,8,3,0,0,0,0,0,0,0,0,0,0,0,0,0,0,0),(211,'neha balhara','nehabalhara1@gmail.com',108,13235,8,3,0,0,0,0,0,0,0,0,0,0,0,0,0,0,0),(212,'NEHA GAVALI','nehagavali1@gmail.com',326,19074,6,3,0,0,0,0,0,0,0,0,0,0,0,0,0,0,0),(213,'neha kroriwal','nkroriwal@gmail.com',94,4609,9,3,0,0,0,0,0,0,0,0,0,0,0,0,0,0,0),(214,'Neha Maurya','nm3299562@gmail.com',195,7489,1,3,0,0,0,0,0,0,0,0,0,0,0,0,0,0,0),(215,'neha pandey','9794255589neha@gmail.com',115,10303,4,3,0,0,0,0,0,0,0,0,0,0,0,0,0,0,0),(216,'Neha Sandhu','nehasandhu932@gmail.com',48,2837,9,3,0,0,0,0,0,0,0,0,0,0,0,0,0,0,0),(217,'nidhi jangra','shivamjangra2010@gmail.com',60,9980,9,3,0,0,0,0,0,0,0,0,0,0,0,0,0,0,0),(218,'Niharika Singh','niharikasingh.1016@gmail.com',133,6648,13,3,0,0,0,0,0,0,0,0,0,0,0,0,0,0,0),(219,'NIRAJ SINGH YADAV','nirajyadavnsy@gmail.com',104,6178,3,3,0,0,0,0,0,0,0,0,0,0,0,0,0,0,0),(220,'Niralben Patel','patelniral796@gmail.com',135,10197,4,3,0,0,0,0,0,0,0,0,0,0,0,0,0,0,0),(221,'Nisha Rani','ruchigarg1425@gmail.com',51,9392,9,2,0,0,0,0,0,0,0,0,0,0,0,0,0,0,0),(222,'Nishika Tyagi','nishity96710@gmail.com',37,1493,9,2,0,0,0,0,0,0,0,0,0,0,0,0,0,0,0),(223,'Nishita Meghani','nishumeghani5@gmail.com',125,7452,4,3,0,0,0,0,0,0,0,0,0,0,0,0,0,0,0),(224,'Nitish Parashar','nitishparashar9@gmail.com',5,335,6,3,0,0,0,0,0,0,0,0,0,0,0,0,0,0,0),(225,'nutan tyagi','nutantyagi79889@gmail.com',14,918,9,2,0,0,0,0,0,0,0,0,0,0,0,0,0,0,0),(226,'OM PRAKASH YADAV','oy45833@gmail.com',71,4348,5,3,0,0,0,0,0,0,0,0,0,0,0,0,0,0,0),(227,'omkar vishwakarma','rockyhandsume3488@gmail.com',80,4545,3,3,0,0,0,0,0,0,0,0,0,0,0,0,0,0,0),(228,'Omprakash Kumar','omprakashkumar8404@gmail.com',85,11220,5,3,0,0,0,0,0,0,0,0,0,0,0,0,0,0,0),(229,'pallavi pallavi','pallaviiti2018@gmail.com',376,25101,1,3,0,0,0,0,0,0,0,0,0,0,0,0,0,0,0),(230,'PANKAJ KAMBLE','kamblepankaj704@gmail.com',73,3450,6,2,0,0,0,0,0,0,0,0,0,0,0,0,0,0,0),(231,'Pankhuri Gupta','pankhuriindian@gmail.com',98,12851,8,3,0,0,0,0,0,0,0,0,0,0,0,0,0,0,0),(232,'Paramita Dewan','paramitadewan19@gmail.com',154,16389,13,3,0,0,0,0,0,0,0,0,0,0,0,0,0,0,0),(233,'Paras Kumar','parassharma1509@gmail.com',46,7956,6,2,0,0,0,0,0,0,0,0,0,0,0,0,0,0,0),(234,'Paridhi Jaiswal','aditijaiswal849@gmail.com',496,38925,1,3,0,0,0,0,0,0,0,0,0,0,0,0,0,0,0),(235,'Parul Parul','kumariparul580@gmail.com',92,12528,8,3,0,0,0,0,0,0,0,0,0,0,0,0,0,0,0),(236,'Parvati Rai','parvatirai14101998@gmail.com',113,6012,1,3,0,0,0,0,0,0,0,0,0,0,0,0,0,0,0),(237,'PAVAN KUNAJIYA','jaigurudev233311@gmail.com',200,8702,16,3,0,0,0,0,0,0,0,0,0,0,0,0,0,0,0),(238,'Pavithra Saminathan','pavithrasaminathan7@gmail.com',10,300,3,2,0,0,0,0,0,0,0,0,0,0,0,0,0,0,0),(239,'Pawar Naveenkumar','pawarpnk@gmail.com',63,3776,10,3,0,0,0,0,0,0,0,0,0,0,0,0,0,0,0),(240,'PEKAY SOREN','pekaysoren613@gmail.com',116,7222,5,3,0,0,0,0,0,0,0,0,0,0,0,0,0,0,0),(241,'pinki kaushik','pinkykaushik2146@gmail.com',42,2539,9,3,0,0,0,0,0,0,0,0,0,0,0,0,0,0,0),(242,'PIYUSH PANDEY','jaimahakal406@gmail.com',54,7448,6,3,0,0,0,0,0,0,0,0,0,0,0,0,0,0,0),(243,'POOJA HATANKAR','poojahatankar97@gmail.com',176,13513,6,3,0,0,0,0,0,0,0,0,0,0,0,0,0,0,0),(244,'pooja yadav','py722682@gmail.com',84,4051,1,3,0,0,0,0,0,0,0,0,0,0,0,0,0,0,0),(245,'poonam','poonamsinghsinsinvar@gmail.com',143,5575,1,3,0,0,0,0,0,0,0,0,0,0,0,0,0,0,0),(246,'Pothiganti Manisha','manisha.pothiganti@gmail.com',62,2570,6,2,0,0,0,0,0,0,0,0,0,0,0,0,0,0,0),(247,'PRADEEP GOUD DOOSARI','pradeepkoundinya6@gmail.com',146,43113,10,3,0,0,0,0,0,0,0,0,0,0,0,0,0,0,0),(248,'Pradip Giri','pradipgiri101pg@gmail.com',422,52281,14,3,0,0,0,0,0,0,0,0,0,0,0,0,0,0,0),(249,'Pragati Shukla','iampragatiofficial1997@gmail.com',1652,213882,8,3,0,0,0,0,0,0,0,0,0,0,0,0,0,0,0),(250,'Prahlad Kumar','pra000449@gmail.com',56,4506,14,3,0,0,0,0,0,0,0,0,0,0,0,0,0,0,0),(251,'Pranav Bhardwaj','pbhardwaj1006@gmail.com',30,1331,5,3,0,0,0,0,0,0,0,0,0,0,0,0,0,0,0),(252,'Pranay Das','pranaydas206@gmail.com',120,13397,14,3,0,0,0,0,0,0,0,0,0,0,0,0,0,0,0),(253,'pranitha s','pranithas2608@gmail.com',36,675,3,2,0,0,0,0,0,0,0,0,0,0,0,0,0,0,0),(254,'pranshi gupta','pranshigupta06@gmail.com',25,1479,9,3,0,0,0,0,0,0,0,0,0,0,0,0,0,0,0),(255,'Prashant Tiwari','prashanttiwari065@gmail.com',37,3609,16,3,0,0,0,0,0,0,0,0,0,0,0,0,0,0,0),(256,'praveen lanka','praveenlanka1437@gmail.com',53,3207,16,3,0,0,0,0,0,0,0,0,0,0,0,0,0,0,0),(257,'pravitha cp','pravithacp74@gmail.com',103,7344,11,3,0,0,0,0,0,0,0,0,0,0,0,0,0,0,0),(258,'Preeti Hooda','preetihooda57252@gmail.com',5,274,9,2,0,0,0,0,0,0,0,0,0,0,0,0,0,0,0),(259,'preeti mishra','preetikumari7211@gmail.com',132,39264,3,3,0,0,0,0,0,0,0,0,0,0,0,0,0,0,0),(260,'Preeti sharma','preetisharma941996@gmail.com',15,952,9,3,0,0,0,0,0,0,0,0,0,0,0,0,0,0,0),(261,'PRINCE KUMAR','princeraj26051@gmail.com',133,8603,5,3,0,0,0,0,0,0,0,0,0,0,0,0,0,0,0),(262,'priti sankhwar','priti21092sankhwar@gmail.com',84,11992,8,3,0,0,0,0,0,0,0,0,0,0,0,0,0,0,0),(263,'priya maurya','priyamaurya719@gmail.com',97,12766,8,3,0,0,0,0,0,0,0,0,0,0,0,0,0,0,0),(264,'Priya Pandey','pp603452@gmail.com',88,6944,1,3,0,0,0,0,0,0,0,0,0,0,0,0,0,0,0),(265,'Priyadharshini P','priyadharshinipalani4@gmail.com',65,2697,3,3,0,0,0,0,0,0,0,0,0,0,0,0,0,0,0),(266,'Priyam Agnihotri','priyamagnihotri384@gmail.com',105,7854,7,3,0,0,0,0,0,0,0,0,0,0,0,0,0,0,0),(267,'Priyanka Sarkar','priyanka.sarkar0927@gmail.com',68,8278,5,2,0,0,0,0,0,0,0,0,0,0,0,0,0,0,0),(268,'Priyanka yadav','piyayadav4190@gmail.com',27,471,3,2,0,0,0,0,0,0,0,0,0,0,0,0,0,0,0),(269,'Priyanshu Yadav','ap1077679@gmail.com',40,2900,7,3,0,0,0,0,0,0,0,0,0,0,0,0,0,0,0),(270,'Puja Adhikari','pujaa719@gmail.com',132,18428,5,2,0,0,0,0,0,0,0,0,0,0,0,0,0,0,0),(271,'Puja Samanta','puja2003s@gmail.com',94,45550,5,2,0,0,0,0,0,0,0,0,0,0,0,0,0,0,0),(272,'Pulkit Bhardwaj','pulkitbhardwaj569@gmail.com',45,7013,3,2,0,0,0,0,0,0,0,0,0,0,0,0,0,0,0),(273,'PUSHPA DEVI','devi45pushpa@gmail.com',182,15296,2,3,0,0,0,0,0,0,0,0,0,0,0,0,0,0,0),(274,'Pushpa Kumari','nagatolabyap@gmail.com',130,8324,13,3,0,0,0,0,0,0,0,0,0,0,0,0,0,0,0),(275,'Pushpanjali Gowda','pushpanjaligowda2468@gmail.com',30,1192,3,2,0,0,0,0,0,0,0,0,0,0,0,0,0,0,0),(276,'Rabisankar Dalapati','rabisankardalapati22@gmail.com',222,14273,14,3,0,0,0,0,0,0,0,0,0,0,0,0,0,0,0),(277,'Radha Gupta','radhag203@gmail.com',177,10063,1,3,0,0,0,0,0,0,0,0,0,0,0,0,0,0,0),(278,'RAHANA G KRISHNAN','rahanagkrishna775@gmail.com',145,14237,15,3,0,0,0,0,0,0,0,0,0,0,0,0,0,0,0),(279,'Rahul','rj7419155682@gmail.com',101,9688,6,3,0,0,0,0,0,0,0,0,0,0,0,0,0,0,0),(280,'Rahul Kumar','rahulkumar01729@gmail.com',38,2237,3,3,0,0,0,0,0,0,0,0,0,0,0,0,0,0,0),(281,'Rahul Parmar','dhamphar123@gmail.com',48,9482,10,3,0,0,0,0,0,0,0,0,0,0,0,0,0,0,0),(282,'Rahul Rajbhar','rahulr171197@gmail.com',277,10573,14,3,0,0,0,0,0,0,0,0,0,0,0,0,0,0,0),(283,'RAJESH RAMAN PRAKASH','rajeshramanprakash@gmail.com',113,5187,3,3,0,0,0,0,0,0,0,0,0,0,0,0,0,0,0),(284,'Rajesh Ramteke','rajeshramteke782@yahoo.com',130,6167,6,3,0,0,0,0,0,0,0,0,0,0,0,0,0,0,0),(285,'rajeshwari r','rajirani513@gmail.com',15,821,3,2,0,0,0,0,0,0,0,0,0,0,0,0,0,0,0),(286,'Rajib Sarkar','rajibag2017@gmail.com',167,10682,10,3,0,0,0,0,0,0,0,0,0,0,0,0,0,0,0),(287,'RAJKUMAR BHIMAVARAPU','rajakumaru142@gmail.com',110,7545,16,3,0,0,0,0,0,0,0,0,0,0,0,0,0,0,0),(288,'Rajnish Kumar','rajnish610@gmail.com',433,113811,7,3,0,0,0,0,0,0,0,0,0,0,0,0,0,0,0),(289,'RAJU CHALLA','rajuchalla68@gmail.com',43,3034,10,3,0,0,0,0,0,0,0,0,0,0,0,0,0,0,0),(290,'Rakesh','rakeshbhaker10@gmail.com',180,20049,3,3,0,0,0,0,0,0,0,0,0,0,0,0,0,0,0),(291,'RAKESH KUMAR','rakesh993156@gmail.com',18,643,3,3,0,0,0,0,0,0,0,0,0,0,0,0,0,0,0),(292,'Rakesh Methri','rakeshmethri200@gmail.com',35,1609,3,3,0,0,0,0,0,0,0,0,0,0,0,0,0,0,0),(293,'Rakhi Sharma','124rakhisharma124@gmail.com',201,7638,1,3,0,0,0,0,0,0,0,0,0,0,0,0,0,0,0),(294,'rakhi singh','rakhi78178@gmail.com',49,3292,9,3,0,0,0,0,0,0,0,0,0,0,0,0,0,0,0),(295,'RAKHI Tandon','rakhitandon20011998@gmail.com',299,34638,8,3,0,0,0,0,0,0,0,0,0,0,0,0,0,0,0),(296,'RAM PRAVESH','kumarrp5528@gmail.com',130,7476,10,3,0,0,0,0,0,0,0,0,0,0,0,0,0,0,0),(297,'Raman Singh','singhraman4026@gmail.com',74,37918,12,3,0,0,0,0,0,0,0,0,0,0,0,0,0,0,0),(298,'Ramesh SB','rameshborr00@gmail.com',1,120,3,3,0,0,0,0,0,0,0,0,0,0,0,0,0,0,0),(299,'RAMESHWAR FULSUNDAR','rameshwarf1111@gmail.com',72,5305,12,3,0,0,0,0,0,0,0,0,0,0,0,0,0,0,0),(300,'Ramvath Dathu Rathod','dramavath278@gmail.com',63,1875,6,2,0,0,0,0,0,0,0,0,0,0,0,0,0,0,0),(301,'Rana Karmakar','ranakarmakar027@gmail.com',152,30503,14,3,0,0,0,0,0,0,0,0,0,0,0,0,0,0,0),(302,'Rancho Brand','rohitrancho593@gmail.com',40,2057,6,3,0,0,0,0,0,0,0,0,0,0,0,0,0,0,0),(303,'RANJEET KUMAR','ranjeetkumarlpu@gmail.com',89,31657,5,3,0,0,0,0,0,0,0,0,0,0,0,0,0,0,0),(304,'RANVEER MEGHWAL','ranveermeghwal251@gmail.com',85,5407,16,3,0,0,0,0,0,0,0,0,0,0,0,0,0,0,0),(305,'Rashmi Sonkar','rashmi.sonkar97@gmail.com',11,6400,1,3,0,0,0,0,0,0,0,0,0,0,0,0,0,0,0),(306,'Ratnesh Kumar','ratnesh80ku@gmail.com',218,21704,10,3,0,0,0,0,0,0,0,0,0,0,0,0,0,0,0),(307,'Raveena Jain','thisisravinajain@gmail.com',153,8586,2,3,0,0,0,0,0,0,0,0,0,0,0,0,0,0,0),(308,'Ravi Kumar','ravisharma3503@gmail.com',115,11148,6,3,0,0,0,0,0,0,0,0,0,0,0,0,0,0,0),(309,'RAVI RANJAN KUMAR','raviranjan16891@gmail.com',239,37083,5,3,0,0,0,0,0,0,0,0,0,0,0,0,0,0,0),(310,'REENU YADAV','reenuy1997@gmail.com',582,65426,1,3,0,0,0,0,0,0,0,0,0,0,0,0,0,0,0),(311,'reeta dhiman','reetadhimanxyz@gmail.com',83,4907,9,3,0,0,0,0,0,0,0,0,0,0,0,0,0,0,0),(312,'REMYA T R','remya1852denso@gmail.com',222,11070,15,3,0,0,0,0,0,0,0,0,0,0,0,0,0,0,0),(313,'renu kumari','renuraj705472@gmail.com',186,10456,1,3,0,0,0,0,0,0,0,0,0,0,0,0,0,0,0),(314,'renu rajoria','renurajoria94@gmail.com',64,2436,11,3,0,0,0,0,0,0,0,0,0,0,0,0,0,0,0),(315,'Rishi Kumar','rishikumarrajvansh@gmail.com',79,5670,3,3,0,0,0,0,0,0,0,0,0,0,0,0,0,0,0),(316,'RISHIKESH','yadavrishikesh563@gmail.com',111,10868,6,3,0,0,0,0,0,0,0,0,0,0,0,0,0,0,0),(317,'ritu khatkar','ritukhatkar1998@gmail.com',123,6553,9,3,0,0,0,0,0,0,0,0,0,0,0,0,0,0,0),(318,'ritu lohra','ritulohra2946@gmail.com',74,5221,9,3,0,0,0,0,0,0,0,0,0,0,0,0,0,0,0),(319,'Rizwana Mohammed','ruhycupcake@gmail.com',142,9784,16,3,0,0,0,0,0,0,0,0,0,0,0,0,0,0,0),(320,'ROHIT RAJ','rohitraj140897@gmail.com',113,4690,3,3,0,0,0,0,0,0,0,0,0,0,0,0,0,0,0),(321,'Ruchika Gupta','guptaruchika818@gmail.com',110,25079,8,3,0,0,0,0,0,0,0,0,0,0,0,0,0,0,0),(322,'rupama majee','rupamamajee@gmail.com',122,5975,13,3,0,0,0,0,0,0,0,0,0,0,0,0,0,0,0),(323,'Rupanjali Sharma','sharmarup830@gmail.com',110,5212,7,3,0,0,0,0,0,0,0,0,0,0,0,0,0,0,0),(324,'RUTUJA CHAUDHARY','rutujachaudhary73@gmail.com',222,13801,6,3,0,0,0,0,0,0,0,0,0,0,0,0,0,0,0),(325,'S Raja Mohamed','mohamedraja2098@gmail.com',30,2758,12,3,0,0,0,0,0,0,0,0,0,0,0,0,0,0,0),(326,'Sachin Singh Gurramkonda','sachin.developer.1994@gmail.com',77,8897,3,3,0,0,0,0,0,0,0,0,0,0,0,0,0,0,0),(327,'SADAF ALAM','alamsadaf081199@gmail.com',20,1274,6,3,0,0,0,0,0,0,0,0,0,0,0,0,0,0,0),(328,'Sagar Sahu','sagarsah4@gmail.com',63,2051,7,3,0,0,0,0,0,0,0,0,0,0,0,0,0,0,0),(329,'Sagar Sharma','sagarsharma6970@gmail.com',256,98257,7,3,0,0,0,0,0,0,0,0,0,0,0,0,0,0,0),(330,'Sagarika Khatua','sagarikapoorvi@gmail.com',3,149,14,3,0,0,0,0,0,0,0,0,0,0,0,0,0,0,0),(331,'Sai Chaitanya','saichaitanya2007@gmail.com',1,40,3,3,0,0,0,0,0,0,0,0,0,0,0,0,0,0,0),(332,'saibhargav podisetty','podisettysaibhargav991@gmail.com',127,7451,16,3,0,0,0,0,0,0,0,0,0,0,0,0,0,0,0),(333,'Saijal Sardana','saijal0808sardana@gmail.com',268,13607,3,3,0,0,0,0,0,0,0,0,0,0,0,0,0,0,0),(334,'saikumar erroju','saikumare0405@gmail.com',101,10014,6,2,0,0,0,0,0,0,0,0,0,0,0,0,0,0,0),(335,'saikumar Rangu','sairangu420@gmail.com',230,14206,10,3,0,0,0,0,0,0,0,0,0,0,0,0,0,0,0),(336,'sainath ch','ch.sainath05@gmail.com',64,11591,3,2,0,0,0,0,0,0,0,0,0,0,0,0,0,0,0),(337,'Sainath Ibrahimpatnam','mr.sainathsai@gmail.com',395,50410,10,3,0,0,0,0,0,0,0,0,0,0,0,0,0,0,0),(338,'sakshi kumari','adi.sakshikumari@gmail.com',141,9822,13,3,0,0,0,0,0,0,0,0,0,0,0,0,0,0,0),(339,'SAMIRAN ROUTH','samiranrouth511@gmail.com',52,3478,5,3,0,0,0,0,0,0,0,0,0,0,0,0,0,0,0),(340,'samriti sharma','samritisharma596@gmail.com',81,5182,9,3,0,0,0,0,0,0,0,0,0,0,0,0,0,0,0),(341,'SANAL K P','sanalkeloth@gmail.com',135,9838,11,3,0,0,0,0,0,0,0,0,0,0,0,0,0,0,0),(342,'sandeep pal','sandeeppal270@gmail.com',268,41134,11,3,0,0,0,0,0,0,0,0,0,0,0,0,0,0,0),(343,'Sandip Kumar Das','dasandip2013@gmail.com',70,8318,5,2,0,0,0,0,0,0,0,0,0,0,0,0,0,0,0),(344,'sanjukta dutta','sanjuktassc@gmail.com',129,6380,13,3,0,0,0,0,0,0,0,0,0,0,0,0,0,0,0),(345,'Santosh Kumar Prajapati','sp313620@gmail.com',152,10922,6,3,0,0,0,0,0,0,0,0,0,0,0,0,0,0,0),(346,'sapna bhardwaj','sapnabhardwaj9518@gmail.com',43,2757,9,3,0,0,0,0,0,0,0,0,0,0,0,0,0,0,0),(347,'Saptadipa Das','saptadipa.1992@gmail.com',109,49858,5,2,0,0,0,0,0,0,0,0,0,0,0,0,0,0,0),(348,'Sarvesh Sharma','sarveshayodhya2002@gmail.com',200,28440,10,3,0,0,0,0,0,0,0,0,0,0,0,0,0,0,0),(349,'Sathvik Malligemadu','smalligemadu5@gmail.com',52,9469,3,2,0,0,0,0,0,0,0,0,0,0,0,0,0,0,0),(350,'saurabh sharma','saurabhsharma291196@gmail.com',33,3117,12,3,0,0,0,0,0,0,0,0,0,0,0,0,0,0,0),(351,'Saurav Mohanty','souravmohanty99@gmail.com',13,494,14,3,0,0,0,0,0,0,0,0,0,0,0,0,0,0,0),(352,'Savita Yadav','savitayadav0626@gmail.com',49,3228,3,3,0,0,0,0,0,0,0,0,0,0,0,0,0,0,0),(353,'Sayan Das','syndasss@gmail.com',51,2187,5,3,0,0,0,0,0,0,0,0,0,0,0,0,0,0,0),(354,'SAYANTI MANNA','sayanti.manna111@gmail.com',241,30188,3,3,0,0,0,0,0,0,0,0,0,0,0,0,0,0,0),(355,'Sayyum Quraishi','sayyum9191@gmail.com',99,7431,10,3,0,0,0,0,0,0,0,0,0,0,0,0,0,0,0),(356,'seema bhardawaj','seemabhardawaj123@gmail.com',53,1758,9,2,0,0,0,0,0,0,0,0,0,0,0,0,0,0,0),(357,'Seema devi','seemadhull730@gmail.com',2,433,9,2,0,0,0,0,0,0,0,0,0,0,0,0,0,0,0),(358,'SHAH HUSSAIN','sparshsrk099@gmail.com',155,57323,12,3,0,0,0,0,0,0,0,0,0,0,0,0,0,0,0),(359,'Shailesh Yadav','yadavshailesh134@gmail.com',129,9693,6,3,0,0,0,0,0,0,0,0,0,0,0,0,0,0,0),(360,'SHALINI YADAV','raoshalini22@gmail.com',114,6972,6,3,0,0,0,0,0,0,0,0,0,0,0,0,0,0,0),(361,'Sharath Kumara S','sharath.infoitech@gmail.com',8,7656,3,2,0,0,0,0,0,0,0,0,0,0,0,0,0,0,0),(362,'sharmila s','sharmasharmila51@gmail.com',17,956,3,2,0,0,0,0,0,0,0,0,0,0,0,0,0,0,0),(363,'shashank K','shashank8707681465@gmail.com',144,13801,12,3,0,0,0,0,0,0,0,0,0,0,0,0,0,0,0),(364,'shashi kumar','shashikumar0147@gmail.com',107,1083,3,3,0,0,0,0,0,0,0,0,0,0,0,0,0,0,0),(365,'Shashi Shashi','shashibaghel4610@gmail.com',206,14969,4,3,0,0,0,0,0,0,0,0,0,0,0,0,0,0,0),(366,'SHEHINA S','shehinashajahan1998@gmail.com',176,15063,15,3,0,0,0,0,0,0,0,0,0,0,0,0,0,0,0),(367,'SHILPI PACHAURI','shilpipachauri068@gmail.com',210,42790,2,3,3,3,3,3,3,3,3,3,3,3,3,3,3,3,3),(368,'SHIVAM SINGH','shivamsinghadit@gmail.com',138,11069,10,3,0,0,0,0,0,0,0,0,0,0,0,0,0,0,0),(369,'Shivam Thapa','shivamthapa254@gmail.com',187,20869,10,3,0,0,0,0,0,0,0,0,0,0,0,0,0,0,0),(370,'Shivaniben Prajapati','shivaniprajapati2107@gmail.com',150,7496,4,3,0,0,0,0,0,0,0,0,0,0,0,0,0,0,0),(371,'SHOAIB GOLANDAJ','shoaib141199@gmail.com',174,12616,6,3,0,0,0,0,0,0,0,0,0,0,0,0,0,0,0),(372,'Shraddha Rampyare Kanaujiya','kanaujiyashraddha143@gmail.com',108,5601,6,2,0,0,0,0,0,0,0,0,0,0,0,0,0,0,0),(373,'shradhda maurya','mauryashradhda18@gmail.com',658,87390,1,3,0,0,0,0,0,0,0,0,0,0,0,0,0,0,0),(374,'Shrawan Sharma','sharmashrawan632@gmail.com',112,7337,6,3,0,0,0,0,0,0,0,0,0,0,0,0,0,0,0),(375,'Shreya Barnwal','shreyalmp1998@gmail.com',152,12403,4,3,0,0,0,0,0,0,0,0,0,0,0,0,0,0,0),(376,'Shreya Das','shreyadas032@gmail.com',122,7203,13,3,0,0,0,0,0,0,0,0,0,0,0,0,0,0,0),(377,'Shristi Shreya','ak4462868@gmail.com',65,4868,8,3,0,0,0,0,0,0,0,0,0,0,0,0,0,0,0),(378,'SHUAIB','suaibtariqali5566@gmail.com',88,4340,6,3,0,0,0,0,0,0,0,0,0,0,0,0,0,0,0),(379,'Shubham Kasar','shubhamkasar.sk@gmail.com',80,8079,6,3,0,0,0,0,0,0,0,0,0,0,0,0,0,0,0),(380,'Shubham Kumar','hk9653036314@gmail.com',141,12576,16,3,0,0,0,0,0,0,0,0,0,0,0,0,0,0,0),(381,'Shubham Sharma','sharmashubhampandit66@gmail.com',48,5044,6,3,0,0,0,0,0,0,0,0,0,0,0,0,0,0,0),(382,'Shweta Roy','mampa.roy1998@gmail.com',129,7747,13,3,0,0,0,0,0,0,0,0,0,0,0,0,0,0,0),(383,'Shweta Yadav','shwetay629@gmail.com',140,9678,7,3,0,0,0,0,0,0,0,0,0,0,0,0,0,0,0),(384,'Shwetank Shukla','shwetank.shukla0077@gmail.com',143,13120,12,3,0,0,0,0,0,0,0,0,0,0,0,0,0,0,0),(385,'shyam ramancha','shyamramancha@gmail.com',93,6564,16,3,0,0,0,0,0,0,0,0,0,0,0,0,0,0,0),(386,'SHYAM SUNIL','rajput9468@gmail.com',57,3380,10,3,0,0,0,0,0,0,0,0,0,0,0,0,0,0,0),(387,'SILPA KRISHNA','silpakrishna1012@gmail.com',136,13494,15,3,0,0,0,0,0,0,0,0,0,0,0,0,0,0,0),(388,'soma santra','santrasoma46@gmail.com',164,10981,13,3,0,0,0,0,0,0,0,0,0,0,0,0,0,0,0),(389,'somalee verma','somaleedeviv@gmail.com',247,13988,1,3,0,0,0,0,0,0,0,0,0,0,0,0,0,0,0),(390,'SOMVEER SOMVEER','somveerthapan498@gmail.com',8,682,3,3,0,0,0,0,0,0,0,0,0,0,0,0,0,0,0),(391,'Sonal Suryakant Rane','sarvankarsonal08@gmail.com',82,4459,6,2,0,0,0,0,0,0,0,0,0,0,0,0,0,0,0),(392,'SOORYA S DAS','sooryasandra6@gmail.com',200,14473,15,3,0,0,0,0,0,0,0,0,0,0,0,0,0,0,0),(393,'srinath pallam','pallamsrinath64668@gmail.com',19,805,6,2,0,0,0,0,0,0,0,0,0,0,0,0,0,0,0),(394,'srishti thakur','sirhtithakur@gmail.com',91,12395,8,3,0,0,0,0,0,0,0,0,0,0,0,0,0,0,0),(395,'Sristi Dixit','sristidixitpandit@gmail.com',227,10438,1,3,0,0,0,0,0,0,0,0,0,0,0,0,0,0,0),(396,'Srushti Jambhulkar','srushti6606@gmail.com',98,3639,3,3,0,0,0,0,0,0,0,0,0,0,0,0,0,0,0),(397,'SUBHA T','tsubha1999@gmail.com',48,1982,3,2,0,0,0,0,0,0,0,0,0,0,0,0,0,0,0),(398,'Subham Kumar','subhamraj2102@gmail.com',39,2530,7,3,0,0,0,0,0,0,0,0,0,0,0,0,0,0,0),(399,'SUBODH KUMAR RANA','ranasubodh10943@gmail.com',128,6431,16,3,0,0,0,0,0,0,0,0,0,0,0,0,0,0,0),(400,'SUDEESHA S D','sudeeshasd1996@gmail.com',168,13637,15,3,0,0,0,0,0,0,0,0,0,0,0,0,0,0,0),(401,'sudha kumari das','sudhadas862@gmail.com',149,9550,13,3,0,0,0,0,0,0,0,0,0,0,0,0,0,0,0),(402,'Sudhanshu','skumar60278@gmail.com',122,11599,3,3,0,0,0,0,0,0,0,0,0,0,0,0,0,0,0),(403,'suhasini raghu','suhasinir036@gmail.com',16,2095,3,2,0,0,0,0,0,0,0,0,0,0,0,0,0,0,0),(404,'Sujata Devi','sairamsujata@gmail.com',83,11853,8,3,0,0,0,0,0,0,0,0,0,0,0,0,0,0,0),(405,'SUJEET KUMAR','skumarcse26@gmail.com',60,3578,5,3,0,0,0,0,0,0,0,0,0,0,0,0,0,0,0),(406,'Suman Devi','simmirajput012@gmail.com',70,3019,9,2,0,0,0,0,0,0,0,0,0,0,0,0,0,0,0),(407,'Suman Rani','sumanrani70276@gmail.com',96,4140,9,2,0,0,0,0,0,0,0,0,0,0,0,0,0,0,0),(408,'suman suman','sumankrishne10@gmail.com',219,10745,1,3,0,0,0,0,0,0,0,0,0,0,0,0,0,0,0),(409,'sumedh wankhede','sumedhwankhede143647@gmail.com',180,19562,12,3,0,0,0,0,0,0,0,0,0,0,0,0,0,0,0),(410,'sumeeth nooli','yoyosumeeth786@gmail.com',112,4713,6,2,0,0,0,0,0,0,0,0,0,0,0,0,0,0,0),(411,'SUMIT CHANDRA','sumitchandra990@gmail.com',128,5411,12,3,0,0,0,0,0,0,0,0,0,0,0,0,0,0,0),(412,'Sunik Nayak','suniknayak00@gmail.com',111,32687,14,3,0,0,0,0,0,0,0,0,0,0,0,0,0,0,0),(413,'SUNIL KHOBRAGADE','skhobragade993@gmail.com',122,12402,16,3,0,0,0,0,0,0,0,0,0,0,0,0,0,0,0),(414,'SUNIL KUMAR VERMA','097sunilverma@gmail.com',40,1808,16,3,0,0,0,0,0,0,0,0,0,0,0,0,0,0,0),(415,'SUPRIT GUPTA','sgupta.jnp98@gmail.com',14,607,6,3,0,0,0,0,0,0,0,0,0,0,0,0,0,0,0),(416,'Sura Devendhargoud','sdevendhargoud88@gmail.com',46,2260,6,2,0,0,0,0,0,0,0,0,0,0,0,0,0,0,0),(417,'Surendhar Das','dassurendhar@gmail.com',136,7900,14,3,0,0,0,0,0,0,0,0,0,0,0,0,0,0,0),(418,'Suresh Banoth','sbanoth91@gmail.com',104,14983,12,3,0,0,0,0,0,0,0,0,0,0,0,0,0,0,0),(419,'Suryakant','suryakant.srk1301@gmail.com',7,1310,7,3,0,0,0,0,0,0,0,0,0,0,0,0,0,0,0),(420,'Suryakant Singh','suryakantsingh89008@gmail.com',93,4172,3,3,0,0,0,0,0,0,0,0,0,0,0,0,0,0,0),(421,'SWATI CHAUDHARY','swatianku0205@gmail.com',92,11280,6,3,0,0,0,0,0,0,0,0,0,0,0,0,0,0,0),(422,'Swati Gulati','sg131019@gmail.com',91,4736,9,3,0,0,0,0,0,0,0,0,0,0,0,0,0,0,0),(423,'Swati Shukla','swatishukla7770@gmail.com',88,12466,8,3,0,0,0,0,0,0,0,0,0,0,0,0,0,0,0),(424,'Swetha ms','shwetavignesh07@gmail.com',154,16204,12,3,0,0,0,0,0,0,0,0,0,0,0,0,0,0,0),(425,'TAJUDDIN SYED','syedtaju007@gmail.com',79,2717,16,3,0,0,0,0,0,0,0,0,0,0,0,0,0,0,0),(426,'Thyagaraj','thyagarajmh01@gmail.com',89,11062,3,2,0,0,0,0,0,0,0,0,0,0,0,0,0,0,0),(427,'Tushar Kumbhakar','tusharmadhu09@gmail.com',97,3843,5,2,0,0,0,0,0,0,0,0,0,0,0,0,0,0,0),(428,'Ujjwal Chaudhari','ujjwalchaudhari126@gmail.com',46,6858,6,3,0,0,0,0,0,0,0,0,0,0,0,0,0,0,0),(429,'uma grover','suhanigrover857@gmail.com',65,2835,9,2,0,0,0,0,0,0,0,0,0,0,0,0,0,0,0),(430,'Umesh Kumar Jaisawal','umeshkumarjaiswal23@gmail.com',6,1070,7,3,0,0,0,0,0,0,0,0,0,0,0,0,0,0,0),(431,'vaibhav hiwale','vaibhavbhiwale144@gmail.com',24,2419,6,2,0,0,0,0,0,0,0,0,0,0,0,0,0,0,0),(432,'Vaibhav Sharma','vaibhavsharma8126@gmail.com',209,12956,6,3,0,0,0,0,0,0,0,0,0,0,0,0,0,0,0),(433,'vandana patel','vandana201297@gmail.com',490,54581,1,3,0,0,0,0,0,0,0,0,0,0,0,0,0,0,0),(434,'Varsha Rawal','vaishurathode0309@gmail.com',157,8788,2,3,4,4,4,4,4,4,4,4,4,44,4,4,4,4,4),(435,'Varsha Varsha','varshasaini3547@gmail.com',138,13238,4,3,0,0,0,0,0,0,0,0,0,0,0,0,0,0,0),(436,'VENKATESH POORNAKANTI','vv126168@gmail.com',52,8469,3,2,0,0,0,0,0,0,0,0,0,0,0,0,0,0,0),(437,'Vignesh M','vigneshvky2396@gmail.com',401,90529,12,3,0,0,0,0,0,0,0,0,0,0,0,0,0,0,0),(438,'Vijay Thama','tv7586654@gmail.com',52,3481,10,3,0,0,0,0,0,0,0,0,0,0,0,0,0,0,0),(439,'VIKAS KUMAR','vikassoni43126@gmail.com',98,4111,3,3,0,0,0,0,0,0,0,0,0,0,0,0,0,0,0),(440,'Vikash kumar','vikashsoni11101999@gmail.com',270,43726,12,3,0,0,0,0,0,0,0,0,0,0,0,0,0,0,0),(441,'Vikash Kumar Yadav','vikashtheattacks@gmail.com',5,290,3,3,0,0,0,0,0,0,0,0,0,0,0,0,0,0,0),(442,'Vinaya Rajan Kajrolkar','vinukajrolkar8@gmail.com',113,5141,6,3,0,0,0,0,0,0,0,0,0,0,0,0,0,0,0),(443,'VINAYA VIJAYAN','vinayavijayan59@gmail.com',137,15957,15,3,0,0,0,0,0,0,0,0,0,0,0,0,0,0,0),(444,'Vinitha N','vinithanagaraj1998@gmail.com',70,5078,3,2,0,0,0,0,0,0,0,0,0,0,0,0,0,0,0),(445,'VINOD PRAJAPAT','vprajapat583@gmail.com',80,4975,3,3,0,0,0,0,0,0,0,0,0,0,0,0,0,0,0),(446,'VIPIN SINGH','vipin.singh3657@gmail.com',546,66152,11,3,0,0,0,0,0,0,0,0,0,0,0,0,0,0,0),(447,'Vipin Srivastava','vipinthenewton@gmail.com',126,6876,10,3,0,0,0,0,0,0,0,0,0,0,0,0,0,0,0),(448,'Vishal Kumar Shukla','vishalshukla123288@gmail.com',474,36556,10,3,0,0,0,0,0,0,0,0,0,0,0,0,0,0,0),(449,'Vishnu Suthar','rajsuthar6396@gmail.com',23,669,3,3,0,0,0,0,0,0,0,0,0,0,0,0,0,0,0),(450,'Vivek Sharma','vivekbhardwaj548@gmail.com',3,151,3,3,0,0,0,0,0,0,0,0,0,0,0,0,0,0,0),(451,'Vivek Shukla','vs4038962@gmail.com',39,2533,10,3,0,0,0,0,0,0,0,0,0,0,0,0,0,0,0),(452,'YOGESH MORE','yushmore2018@gmail.com',25,7332,6,3,0,0,0,0,0,0,0,0,0,0,0,0,0,0,0),(453,'Chandrashekar Baljagudem','bchandrashekar02@gmail.com',4,56,16,1,0,0,0,0,0,0,0,0,0,0,0,0,0,0,0),(454,'Pavan Kumar Vurukuti','pavankumaryadav619@gmail.com',2,102,16,1,0,0,0,0,0,0,0,0,0,0,0,0,0,0,0),(455,'Umesh Ambati','umeshambati95@gmail.com',0,0,16,1,0,0,0,0,0,0,0,0,0,0,0,0,0,0,0),(456,'Srilekha Dusa','srilekhahoney043@gmail.com',8,742,16,1,0,0,0,0,0,0,0,0,0,0,0,0,0,0,0),(457,'Rakesh Bolli','bollirakeshkumar@gmail.com',0,0,16,1,0,0,0,0,0,0,0,0,0,0,0,0,0,0,0),(458,'Md Nawazuddin','mohd48865@gmail.com',0,0,16,1,0,0,0,0,0,0,0,0,0,0,0,0,0,0,0),(459,'Vikram Varma Pathipaka','pathipaka1995@gmail.com',0,0,16,1,0,0,0,0,0,0,0,0,0,0,0,0,0,0,0),(460,'Balaraju Thokada','balusuppu8@gmail.com',0,0,16,1,0,0,0,0,0,0,0,0,0,0,0,0,0,0,0),(461,'Praveen Kumar Nagavath','nagavathpraveenkumar4444@gmail.com',0,0,16,1,0,0,0,0,0,0,0,0,0,0,0,0,0,0,0),(462,'Venkatasannith kumar Veerla','venkatasannith@gmail.com',0,0,16,1,0,0,0,0,0,0,0,0,0,0,0,0,0,0,0),(463,'Venkatesh Kukatikari','kukatikarivenkatesh555@gmail.com',0,0,16,1,0,0,0,0,0,0,0,0,0,0,0,0,0,0,0),(464,'Suresh Darshanala','dsuresh1994@gmail.com',0,0,16,1,0,0,0,0,0,0,0,0,0,0,0,0,0,0,0),(465,'Sai SachinKotha','saisachin00747@gmail.com',0,0,3,1,0,0,0,0,0,0,0,0,0,0,0,0,0,0,0),(466,'A Henry Vikas','avikas345@gmail.com',0,0,3,1,0,0,0,0,0,0,0,0,0,0,0,0,0,0,0),(467,'Vinod Kumar KV','vinodkumar.kv113404@gmail.com',0,0,3,1,0,0,0,0,0,0,0,0,0,0,0,0,0,0,0),(468,'Vinod Kumar Midde','vinodvinny9229@gmail.com',0,0,3,1,0,0,0,0,0,0,0,0,0,0,0,0,0,0,0),(469,'Santhosh Singh','santhoshsinghg@gmail.com',0,0,3,1,0,0,0,0,0,0,0,0,0,0,0,0,0,0,0),(470,'Lokesh Goud Konda','lokeshkonda2212@gmail.com',0,0,3,1,0,0,0,0,0,0,0,0,0,0,0,0,0,0,0),(471,'Madhu Dandu','madhu.raj.9063@gmail.com',0,0,3,1,0,0,0,0,0,0,0,0,0,0,0,0,0,0,0),(472,'Adhikar Srivastava','adhikarsri.bahraich@gmail.com',0,0,3,3,0,0,0,0,0,0,0,0,0,0,0,0,0,0,0),(473,'Amit Kumar','amitkumar291199@gmail.com',211,18700,14,3,0,0,0,0,0,0,0,0,0,0,0,0,0,0,0),(474,'Amit Kumar','ak222180@gmail.com',77,9567,6,3,0,0,0,0,0,0,0,0,0,0,0,0,0,0,0),(475,'Anchal Shrivastav','anchalshrivastavmbd@gmail.com',169,9494,6,2,0,0,0,0,0,0,0,0,0,0,0,0,0,0,0),(476,'Anil Kumar','anilkumar060397@gmail.com',111,7821,10,3,0,0,0,0,0,0,0,0,0,0,0,0,0,0,0),(477,'Ankit Kumar Singh','ankitkumarsingh6389@gmail.com',2,101,14,3,0,0,0,0,0,0,0,0,0,0,0,0,0,0,0),(478,'Anupam Misra','anupammishra001@gmail.com',0,0,6,3,0,0,0,0,0,0,0,0,0,0,0,0,0,0,0),(479,'BIPIN KUMAR','bipinshivkund@gmail.com',0,0,3,3,0,0,0,0,0,0,0,0,0,0,0,0,0,0,0),(480,'Himanshu .','thakurhimanshu048@gmail.com',282,13944,3,3,0,0,0,0,0,0,0,0,0,0,0,0,0,0,0),(481,'Karpagam Boopathy','karpagamboots@gmail.com',0,0,3,2,0,0,0,0,0,0,0,0,0,0,0,0,0,0,0),(482,'PRINCE KUMAR','rajdoe365effuse@gmail.com',63,4338,5,3,0,0,0,0,0,0,0,0,0,0,0,0,0,0,0),(483,'Ragul T','tragul.rvti@gmail.com',0,0,10,3,0,0,0,0,0,0,0,0,0,0,0,0,0,0,0),(484,'SHIVAM SINGH','shivamsinghadit@gmail.com',135,10884,10,3,0,0,0,0,0,0,0,0,0,0,0,0,0,0,0),(485,'Shubham Kumar','proshubham38@gmail.com',141,12576,14,3,0,0,0,0,0,0,0,0,0,0,0,0,0,0,0),(486,'akhil sai','akhilroy862@gmail.com',0,0,10,3,0,0,0,0,0,0,0,0,0,0,0,0,0,0,0),(487,'anju rani','anjurani061998@gmail.com',74,2924,9,2,0,0,0,0,0,0,0,0,0,0,0,0,0,0,0);
/*!40000 ALTER TABLE `students` ENABLE KEYS */;
UNLOCK TABLES;

--
-- Table structure for table `users`
--

DROP TABLE IF EXISTS `users`;
/*!40101 SET @saved_cs_client     = @@character_set_client */;
/*!40101 SET character_set_client = utf8 */;
CREATE TABLE `users` (
  `id` int(11) NOT NULL AUTO_INCREMENT,
  `email` varchar(100) NOT NULL,
  `password` varchar(255) NOT NULL,
  `role` varchar(10) NOT NULL DEFAULT 'A',
  PRIMARY KEY (`id`),
  UNIQUE KEY `email` (`email`)
) ENGINE=InnoDB AUTO_INCREMENT=4 DEFAULT CHARSET=utf8mb4;
/*!40101 SET character_set_client = @saved_cs_client */;

--
-- Dumping data for table `users`
--

LOCK TABLES `users` WRITE;
/*!40000 ALTER TABLE `users` DISABLE KEYS */;
INSERT INTO `users` VALUES (1,'dummy1@edunet.com','$2y$10$AiHl2wOB0RAhCnbavP59Teco6YqKwj/INUJ5MTpLQEIkusExVz.BW','D'),(2,'dummy2@edunet.com','$2y$10$aYItfDYbfLhC1MSxp7ZkeOh/qfyHAvmcpsdGXYaD1JbFRw1x.9bW.','D'),(3,'admin@edunet.com','$2y$10$fnCw82sTPjJ1whGd32B2n.mLfy.FaIYIRrI/xU6AJXyQtl9rT1tWO','A');
/*!40000 ALTER TABLE `users` ENABLE KEYS */;
UNLOCK TABLES;
/*!40103 SET TIME_ZONE=@OLD_TIME_ZONE */;

/*!40101 SET SQL_MODE=@OLD_SQL_MODE */;
/*!40014 SET FOREIGN_KEY_CHECKS=@OLD_FOREIGN_KEY_CHECKS */;
/*!40014 SET UNIQUE_CHECKS=@OLD_UNIQUE_CHECKS */;
/*!40101 SET CHARACTER_SET_CLIENT=@OLD_CHARACTER_SET_CLIENT */;
/*!40101 SET CHARACTER_SET_RESULTS=@OLD_CHARACTER_SET_RESULTS */;
/*!40101 SET COLLATION_CONNECTION=@OLD_COLLATION_CONNECTION */;
/*!40111 SET SQL_NOTES=@OLD_SQL_NOTES */;

-- Dump completed on 2021-06-23 21:25:57
